{"data":[{"Properties":{"domain":"BLAZORIZED.HTB","name":"DC1.BLAZORIZED.HTB","distinguishedname":"CN=DC1,OU=DOMAIN CONTROLLERS,DC=BLAZORIZED,DC=HTB","domainsid":"S-1-5-21-2039403211-964143010-2924010611","samaccountname":"DC1$","haslaps":false,"isaclprotected":false,"whencreated":1704720683,"enabled":true,"unconstraineddelegation":true,"trustedtoauth":false,"isdc":true,"encryptedtextpwdallowed":false,"usedeskeyonly":false,"logonscriptenabled":false,"lockedout":false,"passwordexpired":false,"supportedencryptiontypes":["RC4-HMAC-MD5","AES128-CTS-HMAC-SHA1-96","AES256-CTS-HMAC-SHA1-96"],"lastlogon":1732326005,"lastlogontimestamp":1732322436,"pwdlastset":1716981024,"serviceprincipalnames":["MSSQLSvc/DC1.blazorized.htb:1433","MSSQLSvc/DC1.blazorized.htb:BLAZORIZED","Dfsr-12F9A27C-BF97-4787-9364-D31B6C55EB04/DC1.blazorized.htb","ldap/DC1.blazorized.htb/ForestDnsZones.blazorized.htb","ldap/DC1.blazorized.htb/DomainDnsZones.blazorized.htb","DNS/DC1.blazorized.htb","GC/DC1.blazorized.htb/blazorized.htb","RestrictedKrbHost/DC1.blazorized.htb","RestrictedKrbHost/DC1","RPC/09e10e5f-e201-416f-9146-6e0f8e90bf00._msdcs.blazorized.htb","HOST/DC1/BLAZORIZED","HOST/DC1.blazorized.htb/BLAZORIZED","HOST/DC1","HOST/DC1.blazorized.htb","HOST/DC1.blazorized.htb/blazorized.htb","E3514235-4B06-11D1-AB04-00C04FC2DCD2/09e10e5f-e201-416f-9146-6e0f8e90bf00/blazorized.htb","ldap/DC1/BLAZORIZED","ldap/09e10e5f-e201-416f-9146-6e0f8e90bf00._msdcs.blazorized.htb","ldap/DC1.blazorized.htb/BLAZORIZED","ldap/DC1","ldap/DC1.blazorized.htb","ldap/DC1.blazorized.htb/blazorized.htb"],"email":null,"useraccountcontrol":532480,"operatingsystem":"Windows Server 2019 Standard","sidhistory":[]},"PrimaryGroupSID":"S-1-5-21-2039403211-964143010-2924010611-516","AllowedToDelegate":[],"AllowedToAct":[],"HasSIDHistory":[],"DumpSMSAPassword":[],"Sessions":{"Results":[],"Collected":true,"FailureReason":null},"PrivilegedSessions":{"Results":[{"UserSID":"S-1-5-21-2039403211-964143010-2924010611-1124","ComputerSID":"S-1-5-21-2039403211-964143010-2924010611-1002"},{"UserSID":"S-1-5-21-2039403211-964143010-2924010611-1124","ComputerSID":"S-1-5-21-2039403211-964143010-2924010611-1002"},{"UserSID":"S-1-5-21-2039403211-964143010-2924010611-1117","ComputerSID":"S-1-5-21-2039403211-964143010-2924010611-1002"},{"UserSID":"S-1-5-21-2039403211-964143010-2924010611-1117","ComputerSID":"S-1-5-21-2039403211-964143010-2924010611-1002"},{"UserSID":"S-1-5-21-2039403211-964143010-2924010611-1124","ComputerSID":"S-1-5-21-2039403211-964143010-2924010611-1002"},{"UserSID":"S-1-5-21-2039403211-964143010-2924010611-1124","ComputerSID":"S-1-5-21-2039403211-964143010-2924010611-1002"},{"UserSID":"S-1-5-21-2039403211-964143010-2924010611-1117","ComputerSID":"S-1-5-21-2039403211-964143010-2924010611-1002"},{"UserSID":"S-1-5-21-2039403211-964143010-2924010611-1124","ComputerSID":"S-1-5-21-2039403211-964143010-2924010611-1002"}],"Collected":true,"FailureReason":null},"RegistrySessions":{"Results":[],"Collected":true,"FailureReason":null},"LocalGroups":[{"ObjectIdentifier":"BLAZORIZED.HTB-S-1-5-32-549","Name":"IGNOREME","Results":[],"LocalNames":[],"Collected":true,"FailureReason":null},{"ObjectIdentifier":"BLAZORIZED.HTB-S-1-5-32-548","Name":"IGNOREME","Results":[],"LocalNames":[],"Collected":true,"FailureReason":null},{"ObjectIdentifier":"BLAZORIZED.HTB-S-1-5-32-554","Name":"IGNOREME","Results":[{"ObjectIdentifier":"BLAZORIZED.HTB-S-1-5-11","ObjectType":"Group"}],"LocalNames":[],"Collected":true,"FailureReason":null},{"ObjectIdentifier":"BLAZORIZED.HTB-S-1-5-32-557","Name":"IGNOREME","Results":[],"LocalNames":[],"Collected":true,"FailureReason":null},{"ObjectIdentifier":"BLAZORIZED.HTB-S-1-5-32-560","Name":"IGNOREME","Results":[{"ObjectIdentifier":"BLAZORIZED.HTB-S-1-5-9","ObjectType":"Group"}],"LocalNames":[],"Collected":true,"FailureReason":null},{"ObjectIdentifier":"BLAZORIZED.HTB-S-1-5-32-561","Name":"IGNOREME","Results":[],"LocalNames":[],"Collected":true,"FailureReason":null},{"ObjectIdentifier":"BLAZORIZED.HTB-S-1-5-32-544","Name":"IGNOREME","Results":[{"ObjectIdentifier":"S-1-5-21-2039403211-964143010-2924010611-500","ObjectType":"User"},{"ObjectIdentifier":"S-1-5-21-2039403211-964143010-2924010611-519","ObjectType":"Group"},{"ObjectIdentifier":"S-1-5-21-2039403211-964143010-2924010611-512","ObjectType":"Group"}],"LocalNames":[],"Collected":true,"FailureReason":null},{"ObjectIdentifier":"BLAZORIZED.HTB-S-1-5-32-545","Name":"IGNOREME","Results":[{"ObjectIdentifier":"BLAZORIZED.HTB-S-1-5-11","ObjectType":"Group"},{"ObjectIdentifier":"S-1-5-21-2039403211-964143010-2924010611-513","ObjectType":"Group"}],"LocalNames":[],"Collected":true,"FailureReason":null},{"ObjectIdentifier":"BLAZORIZED.HTB-S-1-5-32-546","Name":"IGNOREME","Results":[{"ObjectIdentifier":"S-1-5-21-2039403211-964143010-2924010611-501","ObjectType":"User"},{"ObjectIdentifier":"S-1-5-21-2039403211-964143010-2924010611-514","ObjectType":"Group"}],"LocalNames":[],"Collected":true,"FailureReason":null},{"ObjectIdentifier":"BLAZORIZED.HTB-S-1-5-32-550","Name":"IGNOREME","Results":[],"LocalNames":[],"Collected":true,"FailureReason":null},{"ObjectIdentifier":"BLAZORIZED.HTB-S-1-5-32-551","Name":"IGNOREME","Results":[],"LocalNames":[],"Collected":true,"FailureReason":null},{"ObjectIdentifier":"BLAZORIZED.HTB-S-1-5-32-552","Name":"IGNOREME","Results":[],"LocalNames":[],"Collected":true,"FailureReason":null},{"ObjectIdentifier":"BLAZORIZED.HTB-S-1-5-32-555","Name":"IGNOREME","Results":[],"LocalNames":[],"Collected":true,"FailureReason":null},{"ObjectIdentifier":"BLAZORIZED.HTB-S-1-5-32-556","Name":"IGNOREME","Results":[],"LocalNames":[],"Collected":true,"FailureReason":null},{"ObjectIdentifier":"BLAZORIZED.HTB-S-1-5-32-558","Name":"IGNOREME","Results":[],"LocalNames":[],"Collected":true,"FailureReason":null},{"ObjectIdentifier":"BLAZORIZED.HTB-S-1-5-32-559","Name":"IGNOREME","Results":[],"LocalNames":[],"Collected":true,"FailureReason":null},{"ObjectIdentifier":"BLAZORIZED.HTB-S-1-5-32-562","Name":"IGNOREME","Results":[],"LocalNames":[],"Collected":true,"FailureReason":null},{"ObjectIdentifier":"BLAZORIZED.HTB-S-1-5-32-568","Name":"IGNOREME","Results":[{"ObjectIdentifier":"S-1-5-21-2039403211-964143010-2924010611-1117","ObjectType":"User"}],"LocalNames":[],"Collected":true,"FailureReason":null},{"ObjectIdentifier":"BLAZORIZED.HTB-S-1-5-32-569","Name":"IGNOREME","Results":[],"LocalNames":[],"Collected":true,"FailureReason":null},{"ObjectIdentifier":"BLAZORIZED.HTB-S-1-5-32-573","Name":"IGNOREME","Results":[],"LocalNames":[],"Collected":true,"FailureReason":null},{"ObjectIdentifier":"BLAZORIZED.HTB-S-1-5-32-574","Name":"IGNOREME","Results":[],"LocalNames":[],"Collected":true,"FailureReason":null},{"ObjectIdentifier":"BLAZORIZED.HTB-S-1-5-32-575","Name":"IGNOREME","Results":[],"LocalNames":[],"Collected":true,"FailureReason":null},{"ObjectIdentifier":"BLAZORIZED.HTB-S-1-5-32-576","Name":"IGNOREME","Results":[],"LocalNames":[],"Collected":true,"FailureReason":null},{"ObjectIdentifier":"BLAZORIZED.HTB-S-1-5-32-577","Name":"IGNOREME","Results":[],"LocalNames":[],"Collected":true,"FailureReason":null},{"ObjectIdentifier":"BLAZORIZED.HTB-S-1-5-32-578","Name":"IGNOREME","Results":[],"LocalNames":[],"Collected":true,"FailureReason":null},{"ObjectIdentifier":"BLAZORIZED.HTB-S-1-5-32-579","Name":"IGNOREME","Results":[],"LocalNames":[],"Collected":true,"FailureReason":null},{"ObjectIdentifier":"BLAZORIZED.HTB-S-1-5-32-580","Name":"IGNOREME","Results":[{"ObjectIdentifier":"S-1-5-21-2039403211-964143010-2924010611-1107","ObjectType":"User"},{"ObjectIdentifier":"S-1-5-21-2039403211-964143010-2924010611-1117","ObjectType":"User"},{"ObjectIdentifier":"S-1-5-21-2039403211-964143010-2924010611-1124","ObjectType":"User"}],"LocalNames":[],"Collected":true,"FailureReason":null},{"ObjectIdentifier":"BLAZORIZED.HTB-S-1-5-32-582","Name":"IGNOREME","Results":[],"LocalNames":[],"Collected":true,"FailureReason":null}],"UserRights":[{"Privilege":"SeRemoteInteractiveLogonRight","Results":[],"LocalNames":[],"Collected":false,"FailureReason":"LSAEnumerateAccountsWithUserRights returned StatusAccessDenied"}],"DCRegistryData":{"CertificateMappingMethods":{"Value":0,"Collected":false,"FailureReason":"User does not have the proper permissions to perform this operation"},"StrongCertificateBindingEnforcement":{"Value":0,"Collected":false,"FailureReason":"User does not have the proper permissions to perform this operation"}},"Status":null,"IsDC":true,"UnconstrainedDelegation":true,"DomainSID":"S-1-5-21-2039403211-964143010-2924010611","Aces":[{"PrincipalSID":"S-1-5-21-2039403211-964143010-2924010611-512","PrincipalType":"Group","RightName":"Owns","IsInherited":false,"InheritanceHash":""},{"PrincipalSID":"S-1-5-21-2039403211-964143010-2924010611-512","PrincipalType":"Group","RightName":"GenericAll","IsInherited":false,"InheritanceHash":""},{"PrincipalSID":"S-1-5-21-2039403211-964143010-2924010611-512","PrincipalType":"Group","RightName":"WriteAccountRestrictions","IsInherited":false,"InheritanceHash":""},{"PrincipalSID":"S-1-5-21-2039403211-964143010-2924010611-526","PrincipalType":"Group","RightName":"AddKeyCredentialLink","IsInherited":true,"InheritanceHash":"8388BC75A7AADAA036A3A2CFC6DE88CB890B7997"},{"PrincipalSID":"S-1-5-21-2039403211-964143010-2924010611-527","PrincipalType":"Group","RightName":"AddKeyCredentialLink","IsInherited":true,"InheritanceHash":"938009E03FBBE561153D23BF0CCD7EB373618682"},{"PrincipalSID":"S-1-5-21-2039403211-964143010-2924010611-519","PrincipalType":"Group","RightName":"GenericAll","IsInherited":true,"InheritanceHash":"1D078C5684949C3AD4AC775C9769CD712F3B4DD5"},{"PrincipalSID":"BLAZORIZED.HTB-S-1-5-32-544","PrincipalType":"Group","RightName":"WriteDacl","IsInherited":true,"InheritanceHash":"62C26D4FB3FF64505B03CDD35D648DFBC6C157CC"},{"PrincipalSID":"BLAZORIZED.HTB-S-1-5-32-544","PrincipalType":"Group","RightName":"WriteOwner","IsInherited":true,"InheritanceHash":"62C26D4FB3FF64505B03CDD35D648DFBC6C157CC"},{"PrincipalSID":"BLAZORIZED.HTB-S-1-5-32-544","PrincipalType":"Group","RightName":"GenericWrite","IsInherited":true,"InheritanceHash":"62C26D4FB3FF64505B03CDD35D648DFBC6C157CC"}],"ObjectIdentifier":"S-1-5-21-2039403211-964143010-2924010611-1002","IsDeleted":false,"IsACLProtected":false,"ContainedBy":{"ObjectIdentifier":"8EBAD72E-04E2-4F31-A5A9-0A38C000BB9B","ObjectType":"OU"}}],"meta":{"methods":521215,"type":"computers","count":1,"version":6,"collectorversion":"2.5.8.0"}}